bid,sid,1,2,3,4,5,6,7,8,9,10,11,12+13,14,15,16,17,18+30,19,20+28,21+33,22,23,24,25,26+29,27,31,32,34,35,36,37,38,39,40+71,41,42,43,44+47+65,45,46,48,49+69,50+53,51,52,54,55,56,57,58,59+62+75,60,61+70+74+76,63,64,66,67,68,72,73,77,78,79,80,81,82,83,84,85+116,86+97+109+119,87+125,88,89,90+101+113,91,92,93+100,94,95,96,98,99,102,103,104,105,106,107,108+124,110,111,112,114,115,117,118,120,121,122,123,126,127,128+166,129+138+163,130,131,132,133,134,135+151,136,137,139+140,141,142,143,144,145,146,147+149,148,150,152,153+168,154,155,156+157,158,159,160,161,162,164,165,167,169,170,171+173,172,174,175,176,177,178,179,180+193,181,182,183,184,185,186,187,188,189,190,191,192,194,195,196,197,198+199,200,201,202,203,205,206,207,208,209
OG01,S065,2.478817342,0.425080055,1.764184363,4.427359898,0.429095708,2.503486076,0.580166426,10.50144561,0.846247549,0.240298986,37.57494962,1.01991518,0.060834884,4.029524024,6.474472773,5.752704425,13.52041689,1.414846036,13.52020211,9.157256363,5.550599009,0.028496018,0.162087708,1.210511164,2.500272405,0.880107972,15.83502022,3.847367608,0.059531273,0.542383538,0.000954677,2.966281232,0.0102125,0.000983222,8.830499958,1.141362226,5.696767098,0.957512318,67.30404248,3.102393505,1.254983692,3.924625239,37.30745406,6.129144909,0.565171426,242.2262618,0.035972859,0.004579891,5.615308973,0.029497351,0.001978625,1.190094051,2.717419186,74.34313583,0.808944684,18.33547259,16.05618455,0.280738242,0.040896524,0.063477651,0.00090953,0.620910788,0.001738911,0.002119152,0.002012782,0.004183392,6.531353993,3.560128825,45.01986143,8.440957133,20.06245604,43.00473773,0.054057268,1.072100402,128.1571835,21.48154289,28.81541467,0.777623966,0.709998984,221.1275203,1.806765436,0.007719201,39.50382957,3.968636518,1.114542025,0.017605083,8.252186601,0.000946508,1.697242083,1.487414733,83.3305,0.001402654,0.003283987,0.558337432,0.001387159,1.753524638,28.29479747,0.002083016,0.000187547,0.35248071,0.342123247,0.003102831,0.002452362,1.747339055,17.42894036,1.306655021,0.782259921,11.92731668,0.368264735,3.136156093,14.83127481,13.2231894,1.495740771,0.971681901,3.399065007,0.000651519,0.001076737,2.591492091,0.052464264,2.813804044,31.61817671,0.044016177,0.113847852,0.15066852,15.30538742,0.409410321,0.133403797,0.764038461,1.671185461,0.00041792,0.002355564,0.000783118,0.002173436,0.914658015,0.000173871,0.318278235,0.000476002,0.303706127,0.302447746,0.104121905,0.796799646,0.075132884,0.363804124,0.429931818,0.265159778,1.037888385,0.771714434,0.002447663,0.000626833,0.67484103,0.067411357,0.080732144,0.000155211,1.138388852,0.00659642,0.001267801,0.047747798,0.001524842,0.000621583,0.001535786,0.002430463,0.041056429,0.000953569,0.091565207,0.000892159,0.041641556,0.074331893,0.06855092,0.000809625,0.001758927,0.000764103,0.000374759,0.044975578
OG02,S085,0.370525748,0.107099269,0.414985006,0.700014527,0.073216575,0.50499543,0.132599199,2.24399524,0.157350126,0.035744339,6.87751771,0.187149258,0.000753917,0.962141205,1.339143659,1.1966777,2.589545475,0.255731855,3.493375309,2.26728779,1.379268717,0.000821139,0.041919576,0.325630457,0.59876426,0.190889812,3.436737834,0.817044757,0.000499362,0.067874239,0.001479026,0.620814378,0.00121806,0.00190176,1.017406404,0.227350138,0.668981977,0.102775753,5.468099893,0.535458803,0.188569177,0.561073309,3.199848443,0.714104103,0.073875911,18.38798654,0.0003501,0.001083641,0.591262886,0.00062775,0.000489969,0.179701801,0.339266772,5.340267282,0.085654669,1.572149768,1.494466327,0.034331317,0.00026979,0.000313175,0.000639304,0.001228954,0.000890142,0.00049523,0.00048928,0.000739804,0.29458416,0.23224057,2.4537216,0.428771483,1.064233586,1.820862507,0.004283101,0.078615348,6.573670197,1.279169173,1.544924555,0.065763084,0.059648104,12.14438516,0.125848112,0.002125579,2.087943434,0.250898524,0.080312517,0.000284161,0.341205648,0.000636081,0.071266934,0.058464809,3.624158409,0.000916588,0.001168586,0.022851483,0.001168674,0.097746494,1.186389558,0.00119126,0.000170034,0.020949635,0.025708392,0.001033148,0.001428158,0.064687344,0.598294491,0.053051604,0.036486485,0.452160693,0.001164565,0.132656808,0.681413759,0.626791996,0.062401272,0.049959386,0.149089888,0.000373998,0.00054516,0.114721812,0.000190229,0.108809935,1.334500619,0.000202961,0.000120847,0.000265915,0.622241099,0.020274231,0.000124419,0.000945098,0.065510232,0.001054869,0.000503538,0.000271336,0.001206899,0.033494124,0.000504591,0.000985832,0.000772578,0.000430554,0.000893022,0.001223879,0.001439206,0.000563126,0.021924115,0.000919442,0.000507795,0.058092825,0.001225359,0.000691392,0.000826287,0.000925633,0.00634046,0.000712638,0.000438425,0.060643913,0.000433324,0.000220379,0.000372064,0.000287148,0.000501653,0.000926847,0.000735996,0.000598176,0.000149967,0.00069179,0.00015431,0.000196726,0.000317293,0.000613695,0.000601855,0.00147072,0.000851869,0.00139268,0.001193522
OG03,S087,0.493709386,0.117481417,0.481486109,0.735515109,0.092932452,0.539327097,0.137514675,2.439179099,0.173897215,0.044818423,10.88008147,0.301621249,0.00078776,1.158613582,1.398372048,1.206908142,2.692109496,0.244325142,3.368760409,2.254227188,1.446748303,0.000495192,0.046451968,0.307681129,0.600547159,0.19243514,3.619582488,0.834774029,0.000717006,0.085393132,0.000670627,0.684595349,0.000617275,0.000624144,1.417073388,0.243474058,0.905738636,0.105193051,9.068363514,0.631261382,0.230662673,0.658129018,5.137274826,1.015437309,0.087659303,33.15632896,0.009397775,0.001276518,0.920245032,0.000206349,0.000842469,0.206463295,0.471873801,9.56582802,0.109315285,2.60238155,2.390206085,0.053931104,0.000516703,0.000489434,0.001007644,0.001542249,0.00076311,0.001369017,0.000266267,0.001034362,0.668846541,0.465681721,4.820330332,0.964505422,2.045332132,3.877479543,1.176706685,0.127160587,12.38705796,1.369782385,2.819080901,0.086332636,0.080581893,23.05246061,0.209413204,0.004782224,3.896050781,0.394740003,0.125150243,0.000416693,0.729214421,0.001002836,0.174197574,0.144205724,7.825866869,0.00014917,0.001647103,0.055937123,0.003125343,0.168102849,2.473639588,0.000166608,0.000259426,0.022281205,0.040566717,0.000542949,0.000866405,0.121397883,1.246348036,0.105856947,0.089410494,0.950683357,0.030832151,0.265333625,1.309216239,1.218488822,0.126532651,0.093142828,0.274985133,0.000318269,0.013082709,0.235370126,0.003723311,0.222741198,2.615097823,0.000690871,0.011106655,0.016123228,1.153686866,0.042066717,0.004658678,0.043363504,0.121260337,0.000658301,0.000795796,0.000404082,0.000641912,0.069861738,0.000245373,0.002194134,0.000931396,0.001463694,0.00379485,0.001430222,0.060046304,0.000717892,0.033999781,0.02474508,0.016111922,0.092074927,0.042090714,0.001292734,0.001003218,0.046709436,0.008152117,0.008963821,0.000447136,0.083136778,7.37E-05,0.000561893,0.000790534,0.000894829,0.000852699,0.000300145,0.000343065,0.000218266,0.000266996,0.000454704,0.00015331,0.000197143,0.000311174,0.000438329,0.0006021,0.000419946,0.000243241,0.000357897,0.035371505
OG04,S074,0.864169991,0.080829196,0.261705323,0.729098758,0.034169516,0.187973833,0.058759422,0.672896851,0.08134394,0.043539397,0.853776424,0.044812809,0.000228318,0.099035085,0.215942926,0.222384835,0.545005749,0.101583042,0.262837053,0.175467043,0.110527525,0.000351061,0.01145765,0.027453824,0.056191072,0.035602049,0.305780449,0.124412429,0.00017791,0.000278307,0.000249602,0.000701787,0.000229745,0.00038717,0.107981009,0.006050825,0.083715775,0.007278476,0.763723759,0.070966829,0.029183529,0.062052918,0.482869933,0.178104313,0.029709636,3.095008037,0.00082059,0.001121472,0.071248808,0.000179085,0.00017952,0.026906901,0.030126382,0.59549587,0.000543393,0.181319794,0.137862266,0.000496996,0.000515584,0.000695282,0.000464422,0.000777346,0.000206195,0.000694035,0.00047154,0.000424263,0.057372945,0.027569229,0.322389845,0.059782391,0.126316939,0.296391595,0.093384579,0.002510645,0.828837833,0.093639665,0.206499141,0.002168233,0.000303338,1.676083202,0.017793706,0.000673279,0.261447832,0.002520335,0.013301223,0.000315029,0.092078972,0.000940236,0.008336636,0.0084826,0.583275391,0.000203231,0.000555226,0.000791682,0.002591251,0.013923939,0.245713729,0.000440222,0.000188505,0.000870951,0.004823256,0.000458151,0.000226185,0.022006723,0.20556064,0.012679502,0.000526777,0.095140063,0.000837874,0.032870215,0.114722579,0.09186137,0.018007761,9.89E-05,0.045417539,0.000807246,0.001176685,0.020259647,6.84E-05,0.026074741,0.237775268,0.000109519,0.000130419,0.000143489,0.154053903,0.005654423,0.000201411,0.001274949,0.024543285,0.000379475,0.000388159,0.000805278,0.000732655,0.007884232,0.000311177,0.00073656,0.000416887,0.000760446,0.00110408,0.000486364,0.00707118,0.000596756,0.006942264,0.001299136,0.000717494,0.009130367,0.00064927,0.001318829,0.00637962,0.009809123,0.007925113,0.000453119,0.000464609,0.009554766,0.004959384,0.000934161,0.00088714,0.000304297,0.001063225,0.000455066,0.000436901,0.000267262,0.000212381,0.001130556,0.000351966,0.000286204,0.000635215,0.000258962,0.000324663,0.001065897,0.001080428,0.000908404,0.001149239
OG05,S061,0.718552726,0.15159097,0.638606891,1.169356781,0.140655644,0.79592066,0.183910164,3.426075412,0.244611147,0.074029459,10.5315288,0.460173382,0.01389267,1.895736105,2.462365623,1.986985683,4.528325245,0.426975468,6.580340873,4.546322789,2.98458942,0.005931624,0.060965963,0.494285325,1.038522695,0.329403745,7.339198548,1.498188297,0.021244202,0.144196446,0.002280019,1.944414757,0.039017978,0.005610963,4.528210495,0.647883072,2.950761678,0.476380215,28.62980913,1.525467735,0.590599813,1.984561139,15.954484,2.481031844,0.174344474,94.93929661,0.016945858,0.110000708,3.430382754,0.040267758,0.002524054,0.647957316,1.860538635,37.58792546,0.45610555,8.463235371,9.455608941,0.192667925,0.010045788,0.037107553,0.002645218,0.329491965,0.005334053,0.14128937,0.00309273,0.002469181,2.557850346,1.604859894,17.00181111,3.774967275,7.968848859,15.64513838,3.179020511,0.414787317,46.97541209,5.043086424,10.10073828,0.288496623,0.254149481,76.3345369,0.607096287,0.001941898,15.00486628,1.385576654,0.407546834,0.000396006,2.996730872,0.000692611,0.696417102,0.558431331,32.51951224,0.000472211,0.001455576,0.232826795,0.005259505,0.516780468,11.05713341,0.000642112,0.000783415,0.119673095,0.192188734,0.000807626,0.000649885,0.466599966,5.018372564,0.378917085,0.290581985,3.592535398,0.117054908,1.022358838,4.865760538,3.963292028,0.502579333,0.359190586,1.000610917,0.000791657,0.0035241,0.894404765,0.016116434,0.899193096,10.16501998,0.00048311,0.040550206,0.048382987,4.809794485,0.148323177,0.004836356,0.001723816,0.501948639,0.000267717,0.001048462,0.000280354,0.000317286,0.223349865,0.000236221,0.070296899,0.000872779,0.035541061,0.052743307,0.008291423,0.169094404,0.00117385,0.098467372,0.084330412,0.061534805,0.30314899,0.116475791,0.001037682,0.000393695,0.163815017,0.003998945,0.023055163,0.000511789,0.268481307,0.002023335,0.000367509,0.000387789,0.000957709,0.000334627,0.001693129,0.000831112,0.000289482,0.000519529,0.019193632,0.000773429,0.011145341,0.022990825,0.00080028,0.000448269,0.000634154,0.000734628,0.018135233,0.071762549
OG06,S062,0.879312993,0.094888519,0.274658017,0.760297738,0.035547082,0.195319661,0.058773336,0.723961421,0.086012481,0.048804137,1.217856553,0.049404145,0.006367528,0.110622246,0.232577848,0.257019162,0.624156812,0.11417556,0.29145901,0.18525354,0.098022707,0.000151748,0.013749092,0.034274195,0.064085843,0.037950678,0.339265244,0.145059346,0.000153805,0.0001604,0.000143856,0.043000032,0.000331028,0.000167356,0.120617144,0.018934695,0.071425926,0.000788412,0.88977496,0.091699297,0.032580202,0.063057669,0.560319145,0.209299539,0.014527781,3.530812168,0.005925809,0.001943664,0.05726328,0.000310379,0.000622265,0.018453072,0.018111436,0.66832678,0.011458254,0.222229449,0.130929481,0.000287121,0.000893578,0.000753137,0.000402453,0.000673624,0.00071473,0.000902144,0.000408622,0.000735306,0.049285762,0.058117705,0.397154692,0.076092394,0.172813439,0.301616001,0.125048128,0.008482004,0.948698017,0.098281782,0.22157989,0.000474781,0.013284456,1.96482165,0.026211565,0.000589716,0.29718658,0.000602052,0.014741263,0.001379649,0.090023584,0.00041177,0.018420806,0.012954504,0.658975943,0.000178007,0.000162105,0.000173356,0.00056741,0.021917056,0.273409764,0.000578376,0.000165109,0.007628539,0.000192028,0.000200644,0.000198112,0.001458605,0.173659121,0.000572779,0.000346238,0.102097421,0.000367143,0.024710725,0.123070269,0.109529394,0.00108092,0.000260097,0.037799317,0.000353722,0.000103121,0.020714072,6.00E-05,0.024957922,0.252233903,0.000191957,5.71E-05,0.000125749,0.164011243,7.18E-05,0.000117673,0.000297953,0.000706265,0.000598608,0.000476239,0.000192469,0.000214025,0.00046844,0.000136353,0.000143444,0.000608911,0.001463914,0.000828092,0.000425585,0.000970592,0.000261091,0.004535788,0.001563083,0.000941748,0.008938614,0.009090125,0.001666917,0.000656751,0.002360412,0.005201057,0.001189482,0.001057026,0.013171036,0.001687634,0.001123956,0.000431265,0.000710054,0.00065125,0.000527196,0.000659521,0.000382162,0.000458834,0.001153461,0.000265439,0.000235439,0.000179377,0.000518272,0.000461535,0.000871246,0.000252321,0.00049501,0.03590079
OG07,S075,0.823351262,0.152495863,0.572725929,1.399514125,0.121549768,0.731183026,0.187966645,3.13070146,0.292783981,0.081532414,8.914184841,0.236688204,0.000511244,0.920009648,1.563956201,1.510863823,3.441673467,0.423034912,2.948095097,1.877629262,1.105352493,0.000270308,0.054044934,0.254357285,0.51679985,0.220522489,3.264145768,0.923633846,0.000501675,0.000851655,0.001659586,0.002476932,0.000615553,0.00069666,1.100612184,0.255846472,0.737432462,0.128687382,7.398106165,0.599873269,0.202678048,0.612960185,0.033135911,1.139443745,0.117666454,28.78035205,0.01220882,0.000789555,0.535624942,0.000816396,0.000308645,0.199181253,0.29324006,6.702231106,0.078687243,1.924332065,1.645653212,0.042599445,0.010290895,0.00027457,0.000883941,0.0010288,0.000771074,0.026245705,0.000377161,0.0008792,0.38504022,0.368816081,2.935628339,0.522932191,1.502434295,2.03732961,0.005331073,0.093681075,8.604553072,1.429241536,1.903199389,0.051517599,0.060432937,15.39253651,0.163533241,0.004101837,2.641521542,0.307876897,0.096549637,0.001526328,0.444267458,0.000670047,0.101471171,0.088979693,4.590758164,0.000505766,0.002053899,0.029745548,0.000238926,0.118985548,1.590650328,0.000336779,0.000205843,0.012106108,0.024875195,0.001003371,0.001084004,0.096431603,0.978145965,0.077701568,0.049570308,0.659383915,0.02725036,0.145231292,0.959287504,0.839698877,0.088975917,0.061258863,0.19530387,0.000279734,0.001663436,0.158206229,0.004300524,0.167808929,1.898789534,0.000616364,0.011674616,0.013077422,0.929564601,0.027449476,0.006978354,0.000340558,0.092805809,0.000662558,0.000941668,0.000294196,0.000638306,0.055489329,0.00020988,0.000485522,0.000707337,0.000915865,0.000953871,0.006074577,0.050489993,0.000590933,0.017912542,0.022623901,0.01603198,0.071455525,0.047795743,0.000584154,0.000418961,0.034549046,0.002694676,0.001014445,0.000507808,0.077967948,0.001135132,0.00071448,0.002464231,0.000668956,0.000417446,0.000900656,0.000979795,0.000395469,0.000813568,0.00108034,0.000502114,0.004765693,0.007654763,0.000482523,0.000457814,0.000924873,0.000549941,0.000317205,0.036094582
OG08,S084,0.29549099,0.088679975,0.322281246,0.655514974,0.106472782,0.531725798,0.126887394,2.277345008,0.163547552,0.029817818,9.279647042,0.236746807,0.001296711,0.898021661,1.34006458,1.216238269,2.724408274,0.239711491,3.280377252,2.228478462,1.372655408,0.003702217,0.051858307,0.296774895,0.577964625,0.201698425,3.660720228,0.829517759,0.000733395,0.002302236,0.002708601,0.00626472,0.003249615,0.001059332,1.711552572,0.272157598,1.075566903,0.184378752,12.6008707,0.617697617,0.227403655,0.812288745,6.812438514,1.180333857,0.138920387,45.07207313,0.010251913,0.002583621,1.013805173,0.013019057,0.000380547,0.238830709,0.493351045,12.94902046,0.15059554,3.349476903,2.897705671,0.051511937,0.015060216,0.010423344,0.001050728,0.062552069,0.000642395,0.023546084,0.000940577,0.000902982,0.957599273,0.700121129,7.254655403,1.299658568,3.349111317,5.052008795,0.01187666,0.184106851,19.97736828,3.287446827,4.496955869,0.131934481,0.126445926,35.46583812,0.298056791,0.000576671,5.921380346,0.625296694,0.204899004,0.002514373,0.816448165,0.001086203,0.233861065,0.199303119,11.16630496,0.001379696,0.003084855,0.077456407,0.004893471,0.270593973,3.339737313,0.001318292,0.000320646,0.060873117,0.053603669,0.001132247,0.00066291,0.168020999,2.023939868,0.162144027,0.125776119,1.570501279,0.044369184,0.435799209,2.43908235,2.197455052,0.198434094,0.1503178,0.434480554,0.000659165,0.008623379,0.427981751,0.010541424,0.390219729,4.888780215,0.000272325,0.022202086,0.029639912,2.056179119,0.069926362,0.008163577,0.002340595,0.197474034,0.000420336,0.000369824,0.000577702,0.000501368,0.104938108,0.00074184,0.000444921,0.000777825,0.002316845,0.025272849,0.000893909,0.08660545,0.001652225,0.050132266,0.039058252,0.046532388,0.168069133,0.067575971,0.001283284,0.000301217,0.088219377,0.000701945,0.001701808,0.001064857,0.151041334,0.000755663,0.001141519,0.001356697,0.001042065,0.000750318,0.001276829,0.001667765,0.00083719,0.000351408,0.001752892,0.000663104,0.002351875,0.001347497,0.001441788,0.000984802,0.003102734,0.00172193,0.000827672,0.037456931
OG09,S086,0.396085452,0.094366221,0.362437222,0.675105381,0.105103648,0.539155154,0.133338411,2.500019167,0.169915826,0.038910144,10.07480099,0.263149513,0.002529345,1.21559879,1.470712239,1.267651671,2.749631302,0.233271938,3.993599813,2.661857972,1.605073469,0.102667011,0.046114803,0.358730852,0.695608059,0.202858665,4.318256949,0.912323318,0.017179812,0.108089146,0.002530762,0.892712928,0.005404827,0.004075494,2.042905483,0.42173369,1.335528417,0.111547465,14.48389972,0.639988666,0.259017033,0.940773552,8.089744008,1.238215586,0.163777123,49.51198382,0.00604003,0.003414602,1.432079418,0.013893128,0.000632013,0.300970982,0.728411756,16.38827064,0.185548434,4.030021868,3.867341931,0.065635927,0.01318891,0.019908446,0.002271429,0.108734012,0.000552372,0.05325644,0.001265281,0.000568374,1.129719043,0.777104643,8.149351649,1.563829633,4.616624725,6.323213825,0.008193353,0.227968537,24.94296958,3.752660431,5.29281055,0.1357008,0.139031252,40.27359544,0.316433651,0.009793597,7.478212974,0.7296097,0.205562579,0.002427924,1.156665332,0.000584959,0.277757661,0.240115193,14.29713384,0.000498725,0.001843627,0.086038099,0.008524924,0.347508638,4.535905702,0.00073662,8.66E-05,0.059942577,0.064061417,0.000474334,0.000626818,0.205835227,2.367963926,0.183015444,0.14764048,1.80772071,0.066986165,0.491890283,2.734894779,2.403234261,0.24123536,0.183801376,0.505021849,0.000441559,0.001192516,0.484539139,0.010887269,0.440171242,5.645251197,0.00403125,0.026279802,0.029873464,2.419489039,0.086613199,0.008361624,0.004259197,0.235829041,0.000443503,0.001143928,0.000244596,0.00051024,0.115986698,0.000342974,0.003641461,0.000927576,0.024244159,0.029347829,0.000779511,0.098970134,0.001132043,0.061591823,0.051313741,0.037475161,0.189272418,0.074277661,0.001424253,0.000612893,0.09334687,0.005264174,0.01007013,0.000265309,0.173962492,0.000197687,0.000746575,0.000695926,0.000489304,0.000363498,0.000930257,0.00066436,0.000488053,0.001288973,0.000588273,0.000442178,0.006538665,0.013715824,0.000653262,0.00058101,0.000717949,0.000640353,0.000615591,0.041181651
OG10,S088,0.564727645,0.16543285,0.590344011,1.031003141,0.121160327,0.748114148,0.175386257,3.38454945,0.250127852,0.059673863,12.82281825,0.330520379,0.035771529,1.36170753,1.761289677,1.599841307,3.594369292,0.361577442,4.055073419,2.655233416,1.624101234,0.000671419,0.058399247,0.340248052,0.711366952,0.240826454,4.327042507,1.042813787,0.000423649,0.076937483,0.000601297,0.823599055,0.000689049,0.001376046,1.565418428,0.239297507,1.002652828,0.112936142,10.33920183,0.643205273,0.266238568,0.757099345,5.605481431,1.155736707,0.127884907,34.99897165,0.015387108,0.036980891,1.000782809,0.011174549,0.002026532,0.22843402,0.561123653,10.69614923,0.137142798,2.829697392,2.663973352,0.06423871,0.010643299,0.012165258,0.00142782,0.083334109,0.001669914,0.016662684,0.000916448,0.002826047,0.718262907,0.624473929,5.518557244,0.993583903,2.50913377,4.187065369,0.007980258,0.141994202,14.4360415,2.36013813,3.206609775,0.075062525,0.099151394,26.45671311,0.237136996,0.000795321,4.478339134,0.489101135,0.119917614,0.000174338,0.852825396,0.000554176,0.189736764,0.164016382,8.755159641,0.000513923,0.002416495,0.068063038,0.007555423,0.197631314,3.027948653,0.000551602,0.000489131,0.042032863,0.051445628,0.000480436,0.000949511,0.179931169,1.798612903,0.129936321,0.103316619,1.268143597,0.044459582,0.339048681,1.76650431,1.628777588,0.156303687,0.128644582,0.367418896,0.000686735,0.000857569,0.322343988,0.00364055,0.302217031,3.680898744,0.001134859,0.017125046,0.02057782,1.647859474,0.058420965,0.01042473,0.001254082,0.172923972,0.000450429,0.000539409,0.000433342,0.000235052,0.091639458,0.000618294,0.00135086,0.000625133,0.022735372,0.035120921,0.001757764,0.099820152,0.006350122,0.044051875,0.007395534,0.036325387,0.140422542,0.081658924,0.000583933,0.000502563,0.082392924,0.010628224,0.004867489,0.000380711,0.154602736,0.000283675,0.001547454,0.001198361,0.000401221,0.000521609,0.001110097,0.000543977,0.000666805,0.000776956,0.000914063,0.00050786,0.006824708,0.012783954,0.000687891,0.001150546,0.001049888,0.000468207,0.000300068,0.051504103
OG11,S063,2.657882148,0.405714066,1.618154013,4.363146144,0.353667603,2.27737763,0.571631211,9.326592508,0.828832198,0.253410417,27.463675,0.803776214,0.028633831,2.906369334,4.600036978,4.6341655,10.74986114,1.163560276,9.709533884,6.470385537,3.718833082,0.028770138,0.129325802,0.868749474,1.795570668,0.681078183,11.59165671,2.907128875,0.041282288,0.249220855,0.001599809,1.593875078,0.071392685,0.004630414,6.281086749,0.813711001,4.025028646,0.732379228,51.37424666,2.247990601,0.928797913,2.970350157,29.05161002,5.028119245,0.462965979,191.1369889,0.02982279,0.09482817,3.690979736,0.02974591,0.940520441,0.816798968,1.777048882,53.42718218,0.552310546,13.03528719,11.52874754,0.168949048,0.031928912,0.053600452,0.003687883,0.376785654,0.001934978,0.164068455,0.001157847,0.002160885,4.416550313,3.355926045,33.0884247,6.229557986,14.60848408,27.99060357,0.011942666,0.795962312,94.63789307,15.26449006,20.85177554,0.578085492,0.53717644,165.1305178,1.402861031,0.035684314,28.92542194,2.806328296,0.861868516,0.010569606,5.528758005,0.001357785,1.225077614,1.01389889,58.15368198,0.001639046,0.00247515,0.408484348,0.000713499,1.259352582,19.75477585,0.002364444,0.006386889,0.261839033,0.263342575,0.001707985,0.001317975,1.342394351,13.76184254,0.952550804,0.611525121,9.119770099,0.295824889,2.194707868,12.48470842,10.58605058,1.156023355,0.813140062,2.612613669,0.001505811,0.004074736,2.066353536,0.040399158,2.168252726,24.99647417,0.038876479,0.096563935,0.111809999,12.26515823,0.318008792,0.068223967,0.581505351,1.318748366,0.008932092,0.001725291,0.000440708,0.007318114,0.674495333,0.000619872,0.221392893,0.000725665,0.249301117,0.218364633,0.063277169,0.616226558,0.048536777,0.274759835,0.31729918,0.198983147,0.797509305,0.599232391,0.009595995,0.003980149,0.520264043,0.030886415,0.061196684,0.001432184,0.882868538,0.006964544,0.000942722,0.049905101,0.000556072,0.001321918,0.010202279,0.001433645,0.030020913,0.001269237,0.077908698,0.005568361,0.030747228,0.053602498,0.050231549,0.001191604,0.00179753,0.001068834,0.002283339,0.042308246
OG12,S067,1.706791047,0.288033675,1.111171648,3.268328097,0.217663281,1.36183072,0.344246306,5.2549278,0.493033119,0.191869162,7.393566208,0.360047292,0.000360541,1.108648288,2.178992642,2.24832552,5.374647033,0.740005774,3.064537509,1.968263079,1.134290291,0.000653477,0.064657796,0.283466282,0.613647282,0.323287071,3.854666942,1.283749101,0.000452089,0.030540281,0.001510754,0.484703599,0.018764649,0.00149398,1.753706289,0.236500926,1.111336629,0.158157061,14.41667092,0.90594627,0.350320089,0.847696172,8.865210356,2.150778174,0.177882218,59.30075228,0.019707743,0.000760202,0.828700341,0.009022465,0.000205267,0.232130188,0.379583526,11.7463513,0.132347173,3.560630299,2.450756161,0.0410734,0.000457968,0.000377886,0.002973822,0.00132465,0.0004732,0.021788907,0.000394778,0.000610757,0.661284683,0.608819542,6.554205106,1.005945725,2.911576144,4.274435308,0.004744821,0.187397371,17.01202384,3.11605817,3.879578075,0.142219624,0.127856963,35.50976132,0.383130289,0.003010694,5.277381591,0.648471203,0.211210691,0.003496877,0.751010012,0.000650835,0.173198077,0.154299932,9.153738628,0.00035936,0.001417749,0.052776304,0.00868082,0.307392619,2.849890953,0.000299329,0.000192945,0.027767594,0.043069603,0.00060541,0.000548499,0.148189719,1.570506299,0.109527466,0.084350898,1.21297009,0.0435794,0.332366244,1.86035973,1.824339916,0.126976188,0.113636528,0.346431763,0.000449699,0.00060168,0.332823679,0.008403483,0.297017066,3.688210859,0.007988836,0.01939107,0.021909729,1.665545552,0.061719095,0.000119344,0.001094959,0.162431096,0.000307248,0.00031538,0.000413829,0.000448936,0.080195721,0.000253051,0.000520349,0.000341133,0.000749673,0.017827845,0.001308496,0.0865594,0.000483702,0.044671324,0.039494592,0.030328301,0.148822032,0.092733218,0.000956307,0.001337452,0.087667341,0.002157751,0.012081793,0.000155873,0.158002842,0.002013161,0.000974718,0.000490639,0.000657081,0.000341696,0.000804983,0.000954841,0.000630988,0.000901189,0.030721761,0.000524333,0.010308387,0.019151183,0.001537206,0.001255995,0.002518668,0.001123224,0.008518336,0.062665607
OG13,S069,6.272953421,0.841690239,3.701333252,12.93307846,1.155903985,6.401507119,1.542823304,24.40580405,2.182675192,0.797926711,51.27235194,2.321818074,0.000645787,7.985931504,12.42325064,11.86707127,29.15043216,3.35460888,23.50304181,15.22513461,9.379396191,0.040863561,0.412024583,2.00637908,4.461936375,1.759263931,31.5287976,7.47158269,0.099598238,0.496120339,0.002955948,5.543826812,0.005122147,0.004338207,23.47803194,1.978621679,14.83078566,2.447394232,193.2039194,7.544360491,3.007053452,9.870108148,107.5016639,17.69907282,1.149494523,696.398389,0.082816932,0.270661168,16.10647938,0.064730368,0.006021872,2.763301912,7.583479181,232.0053553,2.313799304,52.24634146,49.30778275,0.646393919,0.047919135,0.222596774,0.008197247,2.772138739,0.005148233,0.778341705,0.005370553,0.087464901,21.97402301,16.19538375,132.0183499,29.22880896,64.7658594,123.8342345,0.363318932,3.264208333,375.6287657,59.21656002,81.86727641,2.063073413,1.887924096,609.3640536,4.750504306,0.010324456,119.8040167,10.81396032,3.091478073,0.020193208,30.7793183,0.005536782,6.237403636,5.002796758,262.7441262,0.003532027,0.065817133,1.853104632,0.07731746,5.519963342,100.4656745,0.076424214,0.000691973,1.056759845,1.267896511,0.145399058,0.005032239,8.01034897,75.05254267,5.240162824,2.80333475,45.70528022,1.356365566,10.49806385,50.50288924,42.17240379,6.004158235,3.542989803,13.49606551,0.029982585,0.008249773,8.889922114,0.165861529,11.20938866,113.0353786,0.132979863,0.373478255,0.47348103,61.9212019,1.350325147,0.016971596,3.449396277,7.364861852,0.056304301,0.002562494,0.001121355,0.109187324,3.453945479,0.001622862,1.423032668,0.000604719,1.294373561,1.168387196,0.32151476,2.711459687,0.211481682,1.077465634,1.527900026,0.767336516,2.994945077,2.825047187,0.114485376,0.02694736,2.19347415,0.022363489,0.2077302,0.005901925,3.413104801,0.019246136,0.021883346,0.217027966,0.06329641,0.00015221,0.055032945,0.039773697,0.09082565,0.027428221,0.213959332,0.063349707,0.082209782,0.136422028,0.131306514,0.002393891,0.004468609,0.000924206,0.022989084,0.044532886
OG14,S070,4.988985401,0.656316477,2.887110696,8.756300185,0.763840521,4.304832265,1.0760344,16.49976979,1.524636118,0.514732091,34.84796392,1.630119027,0.007586816,5.333063752,8.663836229,8.307819336,20.35421835,2.295560391,15.85807151,10.48619502,6.416408328,0.025693963,0.245392311,1.374559138,3.036285015,1.242962393,21.19095093,5.133803601,0.06669815,0.378508118,0.018552891,3.575512141,0.003869547,0.002047298,14.92469998,1.489827003,9.26238259,1.53027232,124.5824173,4.637255286,1.952829912,6.131932435,70.71814783,11.91259647,0.994618341,462.578177,0.051854365,0.14937382,10.14634862,0.041418917,0.001015398,1.492805623,4.690264406,146.340718,1.488252734,33.19348275,31.09307112,0.43379388,0.037131641,0.159078811,0.001937883,1.749740331,0.003826046,0.007522469,0.001029288,0.001999251,12.05534017,8.823100032,83.46685019,19.17676598,43.02734619,75.68883223,0.061433131,2.056580709,245.827926,37.43986975,52.10011945,1.168131559,1.214545455,392.5702002,3.083687807,0.005102611,75.39913479,6.961758257,1.983836286,0.013780156,19.30340739,0.002204824,4.026656748,3.17701869,166.6851656,0.005287287,0.004599623,1.111652175,0.015811785,3.116653079,65.11905899,0.011730619,0.001258778,0.617875511,0.914969465,0.102362074,0.001511908,5.114759655,48.45098785,3.335298463,1.826390254,29.7727493,0.892325505,6.717158893,33.20387831,27.45304451,3.867468415,2.349720693,8.539128125,0.021442448,0.00939963,5.656184954,0.109683808,7.151458412,73.47003075,0.092084524,0.248883415,0.307179014,40.1701092,0.887697225,0.012420803,2.217674781,4.834570464,0.044935977,0.003593748,0.000697817,0.081920368,2.35676651,0.001292857,0.915833385,0.000969099,0.812079463,0.74239737,0.209066911,1.749769215,0.145606483,0.688906271,0.981057234,0.527613167,1.937176346,1.777669401,0.082749994,0.026147122,1.441676714,0.017384892,0.156838473,0.00069257,2.233560781,0.012866781,0.001559102,0.138647655,0.046055478,0.000151821,0.04565781,0.027632216,0.067243252,0.003895254,0.137374826,0.023794106,0.053180408,0.092403446,0.099287754,0.000751009,0.001150801,0.001026421,0.01469131,0.048002427
OG15,S076,11.78177585,1.414434625,7.181778215,4.177426268,0.328493712,1.83711527,0.648159813,5.961347032,0.769532776,0.271992989,1.410010914,0.949075097,0.00150076,3.140301741,2.631191812,2.057532193,5.077318564,0.573488243,12.0172618,10.62713252,8.490263946,0.04971487,0.080584947,1.482856685,5.121423425,0.655290506,17.98311417,1.611358402,0.048210286,2.122134353,0.008150469,15.4376256,0.805714902,0.005656559,79.01357568,4.610184698,41.39339805,2.381387855,493.3034298,5.70273563,3.360757533,16.47371905,187.6930189,12.39458506,0.953120816,1141.149966,0.039382281,1.523043675,98.15903784,0.359950261,0.001762513,7.231101883,43.49363093,1162.666911,10.30569745,171.533299,253.5493164,4.071028217,0.229392525,1.358342306,0.012325534,3.092064421,0.021215337,3.62723613,0.013097122,0.022788159,123.3036924,90.57739717,769.4355629,180.1872954,342.3374878,674.3615239,0.714905522,18.80098343,1863.801988,314.5175775,396.696262,6.996668839,7.535130857,2865.733378,13.29168191,0.149471794,647.444772,48.03547641,10.0350392,0.035333847,92.79959783,0.004815936,21.55458153,16.25063294,1398.015985,0.011771423,0.117182484,6.767647081,0.663322494,28.44740901,337.9239018,0.432390604,0.001448994,2.841066461,4.846877633,0.015442082,0.015847793,9.074325807,98.35729214,7.402678243,9.800602667,129.7545289,2.52948393,31.03266734,184.0060469,224.1753285,11.28273344,14.66754673,19.28240019,0.015089095,0.145411847,32.14609665,0.823247985,18.85355687,382.376884,0.510967255,1.732922362,2.257740373,99.0897767,5.249764837,0.007361754,1.944254072,9.194497895,0.001661178,0.003661445,0.001266842,0.002052498,3.443375152,0.000695523,0.010646464,0.000330832,0.625369869,0.657848997,0.134460335,1.355537939,0.145653044,1.699101982,0.774501894,0.553527415,5.104308361,1.17792113,0.079981934,0.030542485,1.374565968,0.030277866,0.105416802,0.010222376,2.156362557,0.040182252,0.001978414,0.09465734,0.027698676,0.000409341,0.034825595,0.015091799,0.03708962,0.000385224,0.069390644,0.006257111,0.028726312,0.043440881,0.04320237,0.000593349,0.002761777,0.00783197,0.00315737,0.040375877
OG16,S077,0.970007176,0.180086535,0.643369281,1.462483453,0.116661804,0.748146982,0.186154141,3.265239308,0.286249424,0.079624929,8.967384861,0.233986136,0.020459024,0.929707812,1.569917102,1.582420052,3.71605829,0.440832683,3.222946153,2.062769511,1.205279766,0.006240762,0.047067073,0.270879983,0.561448675,0.232664514,3.454292025,0.993898613,0.010804109,0.002066784,0.003877831,0.527588026,0.002284535,0.001653496,1.150374015,0.269601708,0.7101049,0.126072603,7.756476149,0.660997619,0.227520783,0.641585358,4.736513977,1.206281626,0.110832424,29.22127156,0.015404092,0.000777051,0.606235003,0.000673856,0.000202516,0.186409836,0.288711281,7.03650805,0.095000335,2.056151913,1.708208675,0.03907003,0.000223236,0.000386644,0.000809529,0.000675641,0.000694317,0.001315779,0.000933602,0.000301713,0.435087424,0.400282095,3.131937576,0.587281647,1.48165553,2.541601286,0.008273911,0.094414881,8.7363057,1.61403412,1.997308842,0.068719242,0.065131514,16.27097542,0.18360072,0.008864325,2.703316792,0.287562197,0.111853785,0.004087996,0.545233435,0.00043468,0.114894451,0.095814687,4.981776162,0.00018944,0.001421603,0.034393314,0.01329531,0.118939356,1.835199428,0.000742388,0.002966497,0.005996868,0.028211006,0.000816819,0.000624524,0.103706672,1.062645424,0.075041913,0.060275084,0.697193961,0.02012898,0.176120601,0.930009657,0.824459007,0.085975562,0.058516028,0.20250931,0.000463182,0.002040776,0.174519357,0.001861697,0.177932187,1.88334786,0.0012197,0.012075928,0.012522971,0.968888031,0.028003255,0.007283062,0.060017492,0.103451729,0.000251795,0.000261546,0.000307153,0.000932241,0.051231833,0.000399128,0.021986481,0.000612807,0.011059617,0.014953676,0.001359837,0.043460086,0.000719884,0.020278418,0.024384702,0.000568349,0.069472858,0.053633945,0.000578439,0.000596715,0.032905302,0.00518858,0.000359312,0.00038155,0.071516279,0.001969356,0.002192274,0.000380144,0.000307285,0.000244376,0.007609546,0.004309053,0.000587629,0.001095526,0.000837932,0.000221862,0.001162329,0.006772782,0.001027338,0.003357858,0.000579504,0.000344534,0.000449399,0.035971402
OG17,S083,2.45763655,0.401048385,1.566386325,4.797591306,0.400808754,2.4224171,0.603463021,10.19082635,0.864073892,0.266076119,34.17926557,0.833925502,0.069063462,3.248215947,5.332124987,5.340946155,12.34721697,1.341520446,11.40155398,7.576728413,4.601058728,0.025820597,0.155321292,1.047024012,2.124948324,0.780127289,13.40565858,3.399541005,0.046256814,0.351490172,0.003111625,2.19875641,0.001846567,0.00246505,6.667134394,0.842274229,4.391375327,0.708021812,53.70204889,2.682791864,1.011179798,3.25318744,30.2367806,5.420390489,0.41300042,198.4333737,0.033335088,0.10408387,4.026798513,0.031972924,0.001636963,0.865423279,2.00517167,56.16402241,0.59641537,14.31022626,11.98916753,0.161796506,0.037525459,0.055583035,0.002349937,0.415765115,0.000476527,0.004953648,0.001358176,0.001014806,4.594704589,3.701214718,36.71404283,6.194722705,17.00983898,29.98241736,0.029216154,0.876469305,102.2608295,17.82180309,22.65707742,0.633838675,0.612192608,181.6518953,1.48570497,0.291811016,30.6059884,3.16142522,0.982465512,0.017943355,5.896332481,0.002198022,1.335768095,1.062041894,61.86597487,0.000806611,0.008730984,0.370197221,0.008051099,1.180395681,20.59576221,0.011332693,0.000651912,0.205182758,0.274131075,0.009658499,0.001103234,1.281001739,13.44133231,0.942988136,0.589577346,9.275502996,0.271167728,2.436488132,12.24107407,11.50367139,1.053175296,0.795322942,2.617237667,0.001386838,0.012542394,2.099546887,0.048214947,2.209731706,25.39993916,0.039834777,0.109381196,0.140045042,11.95894355,0.34495093,0.097462756,0.574400304,1.296974425,0.000320272,0.0025267,0.000314621,0.002370033,0.647852248,0.000960684,0.225216227,0.001155709,0.198217229,0.22064651,0.066820313,0.573578826,0.047785963,0.274515325,0.309321824,0.206636533,0.836593633,0.552414261,0.018957037,0.004413685,0.483231909,0.040213153,0.064329962,0.00199724,0.844806177,0.008360714,0.001397023,0.040316699,0.014424019,0.000556172,0.014632283,0.005680255,0.031666195,0.001670956,0.003067572,0.014172767,0.034936887,0.062649338,0.055334536,0.000269444,0.001159884,0.001034385,0.003485475,0.039930789
OG18,S064,0.899371008,0.081743909,0.239937107,0.683338664,0.0284244,0.181902526,0.051800073,0.643430168,0.076529398,0.043708043,0.943850295,0.029987644,0.005691861,0.086334554,0.187610918,0.208689036,0.5242026,0.094667461,0.212511952,0.142684794,0.085914542,0.002217035,0.006678536,0.026449293,0.049583541,0.030988272,0.272697135,0.109152509,0.000598789,0.000323813,0.00021156,0.00037322,0.000193878,8.02E-05,0.101846425,0.037190731,0.055651398,0.00075206,0.835290887,0.064886136,0.024573127,0.046217678,0.502620756,0.157506047,0.015634848,3.332146984,0.005263441,0.000631499,0.039908473,0.000450098,0.000299945,0.001111262,0.012566972,0.643280135,0.000299977,0.196702326,0.127243655,0.000415136,0.000430448,0.000585382,0.000387797,0.001088585,0.001006468,0.001004552,0.000641195,0.001033532,0.030395417,0.03317152,0.343806494,0.061700837,0.162984224,0.259064587,0.00134338,0.000288442,0.873397868,0.186513357,0.208912905,0.014136983,0.006522991,1.748221798,0.030168443,0.000679415,0.272923489,0.039708818,0.016708358,0.002476301,0.066465906,0.000186436,0.014930004,0.009162483,0.557158003,0.000159254,0.000143777,0.00740692,0.001040406,0.020731157,0.210005357,0,0.000152582,0.003181481,0.00017437,0.00020986,0.000173156,0.020247059,0.151233716,0.000550951,0.000342799,0.100448714,0.000360944,0.016815017,0.118731591,0.102470607,0.00838515,0.00025927,0.02809085,0.000352987,0.000311051,0.016103522,0.000671252,0.01850593,0.214030364,0.000572014,0.00296588,0.002735843,0.127236222,7.17E-05,0.002012928,0.000626559,0.013062548,0.000255854,0.000199321,6.24E-05,0.000270648,0.005933462,0.000135188,0.000134584,0.000566078,0.000368828,0.000265969,0.000263851,0.000236027,0.00025608,0.004408257,0.000273923,0.000606526,0.01156448,0.000532433,0.000246917,0.000849063,0.000519461,0.008230826,0.00089471,0.002605947,0.016195832,0.00460744,0.000374325,0.000486814,0.000163963,0.00017386,0.000245835,0.00022623,0.000535254,0.000220806,0.000451472,0.000120653,0.00015129,0.000189484,0.000204302,0.000188944,0.00020007,0.000237897,0.000349093,0.026818308
OG19,S066,0.396442421,0.083654773,0.31402638,0.774684144,0.101156985,0.511988874,0.120053783,2.079840975,0.160658134,0.047103551,10.38281293,0.313674002,0.0038467,1.037708572,1.757205686,1.407120034,3.504764245,0.322270983,4.418982073,3.11109039,2.05633193,0.006709353,0.041588853,0.36259271,0.78526567,0.246896099,5.635823019,1.113337194,0.021401617,0.13050173,0.000772205,1.300831026,0.055835813,0.002445669,5.092890615,0.551306451,3.131652064,0.329573194,39.38154961,1.436111031,0.617234686,1.997943288,20.7792358,2.945412449,0.217665383,132.6603193,0.012575521,0.076526095,3.174386453,0.018113681,0.002360826,0.634550622,1.551469862,48.5284927,0.504440104,11.20877079,10.14582076,0.156532592,0.022270244,0.049031656,0.001398462,0.266388903,0.003169014,0.180094245,0.0012627,0.000941075,2.795786058,2.866048988,23.72134222,4.647194331,11.48546911,20.96447137,0.032567046,0.601438452,72.59983438,12.5818958,15.4493992,0.428634851,0.388950705,116.3644889,0.909279577,0.006499299,22.74314059,2.042003716,0.624925176,0.005614339,2.95130537,0.000632308,0.900500602,0.706843042,40.53865846,0.000793157,0.001481584,0.261600404,0.019096277,0.819970068,13.15621503,0.007874261,0.000421079,0.130157507,0.190352453,0.00103155,0.001465751,0.514719312,6.305524682,0.463831658,0.337368483,4.23166421,0.177684022,1.331985033,6.882281178,5.724598362,0.624073586,0.493310894,1.274166535,0.001272001,0.001708109,1.22813884,0.028484974,1.213191135,13.90244549,0.029815053,0.0606789,0.068396944,6.569315034,0.221117234,0.008282573,0.20452807,0.626113489,0.000266141,0.001088939,0.00029783,0.000623433,0.270290257,0.000334574,0.101097788,0.00107187,0.060328096,0.080737754,0.013074104,0.177134526,0.020450325,0.111357144,0.099097404,0.078782516,0.341884315,0.14472059,0.00035636,0.000204233,0.188626052,0.009575227,0.015372381,0.000235063,0.302159975,0.005133049,0.00288128,0.0042936,0.000709912,0.000167281,0.000264704,0.000300366,0.000953252,0.000108373,0.00042608,0.000245569,0.007799503,0.012513626,0.000215359,0.000164458,0.000198372,0.000117939,0.00276903,0.030222197
OG20,S068,1.092762443,0.165878544,0.701467672,1.326069963,0.172584482,1.009159912,0.247600455,4.250696856,0.323523314,0.083138803,12.11950246,0.471228574,0.004207841,1.569479832,2.690299092,2.343561674,5.507682008,0.443690341,6.365086682,4.31564452,2.768283148,0.009064412,0.065576319,0.507261812,1.098281932,0.351900987,7.693722783,1.74692135,0.019692806,0.142725559,0.001652473,1.470140112,0.06998338,0.003457285,5.90764668,0.775867839,3.572329022,0.509718855,44.39496257,1.669351312,0.682553158,2.319497431,23.52144191,3.322925416,0.317708132,145.0567804,0.013460102,0.069444668,3.972212545,0.014947995,0.001102796,0.717018756,1.865074582,51.73038312,0.535002275,12.02970228,11.30225586,0.187886897,0.015003601,0.0618176,0.000738646,0.346598438,0.007654348,0.259642046,0.003450168,0.009170987,4.016408487,2.841993625,28.426419,5.253207045,13.79618411,27.90726365,0.04343674,0.700148254,81.90817466,13.74726298,17.3003029,0.487728616,0.384171434,131.5210939,0.970690755,0.007196902,25.14273459,2.272856436,0.655994238,0.004090369,4.547525159,0.000593085,1.206661568,0.907158298,54.0285289,0.000704719,0.008414391,0.327726196,0.07950366,1.073975441,17.5484723,0.002600279,0.000279641,0.166503499,0.23621363,0.002160228,0.001708414,0.798294416,9.213048253,0.682990258,0.501155026,6.967801373,0.21706443,1.906295442,9.095358507,7.887922939,0.824915499,0.641487868,1.825063724,0.000478739,0.002575274,1.594532568,0.032026112,1.592656061,19.38937986,0.029407409,0.073026278,0.08665989,8.857251181,0.269669525,0.00657372,0.261684494,0.901452632,0.00092541,0.00277265,0.000527255,0.000398238,0.417754655,0.000900846,0.115829381,0.000437669,0.074600104,0.106588349,0.022056087,0.291775432,0.029717274,0.179402286,0.158400514,0.114823726,0.514514424,0.216691646,0.00072849,0.001148138,0.266159718,0.009198399,0.025140039,0.000640703,0.485033071,0.001748876,0.000552194,0.001675649,0.000564371,0.001624336,0.007925002,0.000697343,0.012057693,0.001415841,0.058991431,0.004594135,0.015323549,0.041120193,0.003187783,0.001526724,0.03694247,0.002640424,0.035340952,0.118054666
OG21,S071,1.171265518,0.229586748,1.133861753,1.747108044,0.306067788,1.432930839,0.345944947,6.479394295,0.463225535,0.126592217,14.54206034,0.95344632,0.006428121,3.237595999,3.899265083,3.344857842,7.815570006,0.620212813,11.14494931,7.451137422,4.640550179,0.014555801,0.104987895,0.849054447,1.849990699,0.521107375,13.80316334,2.492594731,0.035164966,0.24222476,0.000865683,2.749765678,0.093128974,0.068000244,8.529121166,1.012249256,5.371042644,0.870587338,67.20249271,2.359461585,0.969837623,3.77413596,39.03252646,5.019120195,0.374156578,244.2992708,0.022234612,0.147107592,6.761042536,0.031732242,4.00E-05,1.026971015,3.294495934,87.85787978,0.83040226,17.63162409,19.32037206,0.285300832,0.02406858,0.089101333,0.006164443,0.669695043,0.001567319,0.315514537,0.003199344,0.001835206,6.326025991,4.984228582,39.54108058,9.086783194,20.42259506,42.15454171,0.037006143,0.933970486,127.8692004,19.10399026,26.20322736,0.664085231,0.565780171,192.8472617,1.3392332,0.00180302,38.4332102,3.217299441,0.95859621,0.005657364,8.154843208,0.003549279,1.989465262,1.511929345,81.72777184,0.001259937,0.005728672,0.566078381,0.025266092,1.259092277,31.12128839,0.001550752,0.000271847,0.375063598,0.459521916,0.012913805,0.000888832,1.310494705,14.96648042,1.075095017,0.772991259,10.92845463,0.345359378,2.818763735,13.92687276,11.37679065,1.358568105,0.978881444,2.945128115,0.001787815,0.004844883,2.48256073,0.044228422,2.594482546,29.31637693,0.041267208,0.105699609,0.118275627,14.47975222,0.389407426,0.012653344,0.437683425,1.495666275,0.001391238,0.003798115,0.001961096,0.01224488,0.678423183,0.000949719,0.211945338,0.001643116,0.107077057,0.195218989,0.03648747,0.490852548,0.047671174,0.282531127,0.262976727,0.191542598,0.8350053,0.335461872,0.016744556,0.00254024,0.462786057,0.011342478,0.05217653,0.002165698,0.787816965,0.007093835,0.00136878,0.007228353,0.000981093,0.001040317,0.002289442,0.001119106,0.004068775,0.002210539,0.085259545,0.004200435,0.020141575,0.065834071,0.02368361,0.000327838,0.084036058,0.004215563,0.068122011,0.201658512
OG22,S072,6.523207717,0.88569162,3.832851818,14.80007688,1.278057806,7.182174906,1.701747812,27.59618972,2.457616618,0.895403157,60.02570194,2.673040944,0.054284851,8.824427893,13.9513616,13.9086301,33.88579087,3.821623394,26.94644774,18.0915608,11.31951218,0.048681238,0.416619558,2.396692671,5.182035533,2.020587181,36.21196381,8.770087321,0.114116359,0.750391588,0.002732589,6.973305297,0.337603837,0.003740269,26.60101961,2.489071226,16.92670196,2.511763572,220.8939621,8.659796134,3.376465594,11.47576642,124.5450495,20.11978231,1.386118416,813.8826075,0.097724113,0.269456298,19.67798184,0.082803013,0.000872074,3.112562828,8.837362591,272.9062985,2.512225054,61.35814697,56.92329099,0.750014343,0.081580947,0.26757214,0.005814978,3.311694762,0.002851743,0.013283605,0.002518019,0.001403349,25.22235158,18.23793094,166.5535981,36.66594048,85.19593035,166.638725,0.221841514,4.155383929,483.0950732,82.11796075,106.9938709,2.580922329,2.450331595,768.928203,6.090086293,0.026817309,148.1589781,13.14119057,3.932404786,0.023820938,38.84298776,0.006868276,8.554053079,6.405449174,336.7343331,0.005401636,0.040395456,2.239409517,0.05931188,5.991385128,129.7155416,0.169089282,0.000966335,1.28994499,1.617333579,0.140855492,0.003175993,9.577547565,89.99715924,6.390951862,3.517309472,54.48236314,1.76379685,13.30147501,60.65719637,50.34547595,7.25985714,4.487001107,15.97111743,0.032570009,0.015129013,10.79237787,0.220358914,13.08909191,132.0660387,0.177606622,0.448139507,0.560466591,73.10214331,1.628138834,0.023358829,4.093111496,8.91838069,0.085029155,0.00583207,0.000516386,0.138129935,4.203039086,0.000738394,1.729447682,0.002005236,1.521531904,1.382166365,0.407766301,3.448401561,0.248790464,1.320651833,1.899902667,1.004647254,3.593687441,3.691911001,0.133225021,0.051047792,2.784516076,0.025791188,0.245763367,0.008439225,4.511707854,0.021123796,0.030780153,0.263485076,0.082464327,0.000587518,0.132795738,0.09022664,0.228555546,0.019719295,0.514265149,0.107149767,0.155507197,0.261709145,0.336700321,0.002953189,0.062743542,0.034205752,0.058230221,0.050172501
OG23,S082,0.656836548,0.134502193,0.461586865,1.167481348,0.101900138,0.624256235,0.153557175,2.651180497,0.234127853,0.060601379,10.08885193,0.211055854,0.022700855,0.761980529,1.3255735,1.321456107,3.110804347,0.365911554,2.698227163,1.783098726,1.038533508,0.001849575,0.038949692,0.242486248,0.469964777,0.183302066,2.938200844,0.834773697,0.0040241,0.04982633,0.00052295,0.495410531,0.007488148,0.001486562,1.068345853,0.207101215,0.706348823,0.078809422,7.374249428,0.560065779,0.191767292,0.614438477,4.404292501,1.066826505,0.087328866,27.30646806,0.009510873,0.002864606,0.591377349,0.010192034,0.002854232,0.163186471,0.312013993,6.613938343,0.082290969,1.960971439,1.603286225,0.037440328,0.004831781,0.001253342,0.004044915,0.045124802,0.001214998,0.004302293,0.003218996,0.001190378,0.418479472,0.468329824,3.196921836,0.613829064,1.475839872,2.537042652,0.00804802,0.088321714,9.401333587,1.641290027,2.097738889,0.040950396,0.066654142,16.44102386,0.180089026,0.003897762,2.670848758,0.285009695,0.113052195,0.002433106,0.432689628,0.000448871,0.110992829,0.087472241,5.067061831,0.000185721,0.0007383,0.029786649,0.00972939,0.11728068,1.60465406,0.000293473,0.000351576,0.020833748,0.035896101,0.000594082,0.000270331,0.091801127,0.858134512,0.069305632,0.038757342,0.621087536,0.032692763,0.172311226,0.954546307,0.82750311,0.070866533,0.057559519,0.180391891,0.000670742,0.00374336,0.17069513,0.003420678,0.173469916,1.857106958,0.004076007,0.01033219,0.011848031,0.884746839,0.025808928,0.005793673,0.042331772,0.084404325,0.001033116,0.000568123,0.001423338,0.002378562,0.047864353,0.001477073,0.014704769,0.001505919,0.009859965,0.006583521,0.000522487,0.035521647,0.004183569,0.020474414,0.022239713,0.017115194,0.073720565,0.039450077,0.001344626,0.000525421,0.037443122,0.005408305,0.002151399,0.000483787,0.078311851,0.003121311,0.00027797,0.000160668,0.000162343,0.000258214,0.000712725,0.000485939,0.000958921,0.000500283,0.001447425,0.000315787,0.000232617,0.000816311,0.000675726,0.000390343,0.003474959,0.000121528,0.000356664,0.025795559
LB01,S309,0.022882014,0.013150706,0.000454748,0.049069285,0.004473747,0.025566786,0.009883569,0.112817977,0.01162568,0.007252398,0.097182108,0.008276417,0.000373068,0.030319238,0.035825811,0.042830645,0.084669433,0.015435836,0.067552202,0.043221379,0.032036741,0.000192438,0.003843372,0.00692355,0.016343776,0.009713667,0.062396498,0.023910748,0.000292569,0.000101705,9.12E-05,0.02202362,0.000167916,0.000212231,0.001323777,0.00178236,0.001095988,0.00128639,0.00297437,0.012587237,0.008085303,0.017042503,0.072814662,0.038925192,0.006301019,0.286035877,0.003190662,0.008324725,0.000978687,0.003988059,0.000951844,0.000700196,0.000798676,0.160443385,0.000384155,0.005012824,0.036153326,0.000878385,0.002186971,0.0007373,0.000328326,0.000618243,0.00065597,0.000735978,0.001166752,0.000899805,0.00061161,0.005051007,0.055022856,0.005212932,0.04454257,0.061970285,0.001052871,0.000596457,0.162216602,0.001323422,0.038095088,0.000225361,0.000252225,0.222836367,0.00016813,0.000279916,0.058079557,0.000190514,0.000225713,0.000130973,0.015519654,0.000390903,0.000315087,0.00054256,0.125153546,0.000168987,0.00030778,0.000164571,0.000538656,0.00050338,0.060858554,0.000183022,0.000156742,0.000482797,0.000364594,0.000380953,0.000376146,0.000336884,0.045630513,0.000595309,0.000239905,0.026053126,0.000508779,0.000283787,0.032143483,0.018829296,0.000449375,0.000270327,0.0103194,0.000612727,0.000214354,0.000820147,0.000124662,0.000336878,0.062011265,0.000299262,5.94E-05,0.000130696,0.038989151,7.46E-05,0.000122302,0.000309673,0.000333657,0.000345641,0.000494972,0.00020004,0.000148296,0.000243433,0.000354291,0.000298173,0.000379717,0.00055804,0.001446805,0.000743562,0.000635915,0.0002737,0.000424539,0.000297921,0.000164538,0.001492611,0.000694831,0.000268833,0.000229489,0.000337418,0.000948214,0.000415642,0.000170473,0.002881481,0.000421222,0.000214225,0.000723347,0.000372172,0.000487644,0.001185753,0.00091198,0.000601264,0.000935315,0.000840816,0.000232253,0.00015225,0.000513652,0.000882054,0.000454262,0.00068709,0.000663293,0.000260253,0.001489925
LB02,S308,0.076431661,0.020258008,0.078808165,0.147016714,0.035248509,0.047057402,0.016744336,0.196689715,0.021243973,0.010698636,0.124764046,0.000545283,0.000252814,0.029651049,0.043696321,0.044691331,0.09208121,0.017813364,0.088861621,0.065327528,0.039513751,0.000716572,0.002007087,0.011816263,0.017220991,0.007398487,0.079054207,0.025670811,0.000363143,0.001136141,8.49E-05,0.000537173,7.82E-05,9.88E-05,0.011620785,0.00136551,0.010233393,0.002463837,0.097253236,0.013593075,0.000533995,0.000906714,0.058859264,0.038820936,0.004310147,0.178455007,0.000555556,0.000189815,0.001687041,0.00090933,0.000546923,0.00050291,0.000573642,0.104926902,0.000367888,0.031032179,0.001891936,0.000504714,0.000349061,0.00035304,0.000314423,0.000197355,0.000418795,0.000352407,0.000478863,0.000430852,0.010371806,0.008785231,0.036771968,0.014312698,0.029219761,0.049712759,0.00089274,0.000337161,0.135847007,0.013465717,0.028712186,0.000254781,0.000285152,0.14348357,0.002471028,0.000316458,0.046146118,0.000430771,0.00025518,0.000148072,0.018247523,0,0.000534331,0.006542819,0.104069109,0.000191047,0.00034796,0.000186055,0.003450863,0.004552761,0.055698025,0.000206915,0.000177204,0.000272912,0.00267924,0.000215342,0.000212625,0.000264036,0.037742175,0.000373264,0.000125352,0.000467397,0.000265841,0.000741403,0.003578355,0.013579807,0.000587004,9.42E-05,0.000567574,0.000128061,0.000224003,0.000107133,6.51E-05,0.000440053,0.044236498,0.000104244,0.000186207,6.83E-05,7.39E-05,0.000234005,0.000127807,0.000809032,0.000767087,0.00043344,0.000295573,0.000139363,0.000232457,0.000254391,0.000296191,0.000389493,0.000198405,0.000712596,0.001330211,0.001367281,0.000649632,0.000419405,0.000173478,0.000913043,0.00218513,0.00169423,0.000507013,0.000823896,0.000468878,0.000919191,0.010332443,0.000849214,0.000435374,0.001226514,0.004991573,0.000437691,0.000461844,0.0003802,0.000697427,0.000249429,0.000281114,0.000242282,0.00013619,0.000277378,0.000288109,0.00055161,0.000213299,0.000261643,0.000397773,0.00071289,0.000825838,0.000270025,0.034468104
LB03,S276,0.118304866,0.043243323,0.076651718,0.209268981,0.082307124,0.090422877,0.028337063,0.361318172,0.037705293,0.013997293,0.268175634,0.023959623,0.006596861,0.086716759,0.161452735,0.125413164,0.287878304,0.038461404,0.433434063,0.309577924,0.183801346,0.004159641,0.005758102,0.037253903,0.077536405,0.023171745,0.399505551,0.093933095,0.010570935,0.000276821,0.000321139,0.000767766,0.000176643,0.000220475,0.113204567,0.060728579,0.076969858,0.017198001,0.332745241,0.074809887,0.031818003,0.083295936,0.184115623,0.092069407,0.019260442,0.470234066,0.000121784,0.000291185,0.025197098,0.000141545,0.000140891,0.02989237,0.011540887,0.2312559,0.000425427,0.114863576,0.059053976,0.000129797,0.0002731,0.000140024,0.003777267,0.000144891,0.000310221,0.000267287,0.000359415,0.000321972,0.016542058,0.006061279,0.07275522,0.026513613,0.049716339,0.073744243,0.000786257,0.00026329,0.237752001,0.0309199,0.048104639,0.003871456,0.000232921,0.302577257,0.006861488,0.000260173,0.073331158,0.005449382,0.001047553,0.000126461,0.027107446,0.000822568,0.003838632,0.001834408,0.159600331,0.000285803,0.000823894,0.00123982,0.000313874,0.004222966,0.084258907,0.000154928,0.001110268,0.000198489,0.000615224,0.000162255,0.000479071,0.000986617,0.067902061,0.000317897,0.000328863,0.035364608,0.000801193,0.000596736,0.04011919,0.027137888,0.003100045,0.00488492,0.013854371,0.000676761,0.000201218,0.000377092,0.000239178,0.004304724,0.083162534,9.32E-05,0.000117197,0.000190592,0.055756648,0.000138063,0.000598678,0.001785141,0.00537113,0.000308255,0.000316414,0.000177937,0.000257376,0.000940713,0.000253881,0.000391541,0.000513378,0.000615253,0.000768941,0.000773192,0.000452237,0.000238183,0.000449682,0.000259304,0.000430794,0.008796888,0.00043324,0.000588628,0.000405283,0.000497338,7.08E-05,0.000490663,0.000230264,0.009565984,0.000228765,0.000863943,0.000563732,0.000404447,0.000420643,0.000578224,0.00044574,0.000745336,0.000356031,0.000835985,0.000364127,0.000130265,0.0001544,0.000336246,0.000509546,0.002262416,0.000611482,0.002233779,0.004897086
LB04,S277,0.027618104,0.008090433,0.033454639,0.047683478,0.013934469,0.020649628,0.009828529,0.078907574,0.011827451,0.007284445,0.106097968,0.005312496,0.003103893,0.024955018,0.029444984,0.031626287,0.064621012,0.011369,0.075305776,0.054387084,0.03026733,0.000579389,0.001818058,0.007669357,0.017216818,0.007635072,0.078645805,0.018425903,0.000195606,0.000211559,0.000460735,0.000780284,0.000337781,0.000314329,0.041506056,0.024038617,0.020319417,0.005509151,0.172863826,0.012724778,0.001950556,0.009636541,0.081842339,0.045641104,0.016077325,0.304009013,0.001479165,0.000816352,0.024023064,0.003103204,0.00077549,0.012031115,0.004160455,0.206627159,0.001357251,0.042380199,0.041775371,0.000536655,0.000927414,0.000567551,0.000501314,0.00160827,0.00151793,0.001113091,0.002818212,0.001558746,0.009466628,0.009593297,0.094487166,0.029722546,0.057771197,0.100835738,0.003263478,0.000389286,0.266833819,0.04637731,0.058236853,0.000596233,0.000677193,0.373554874,0.005654962,0.005960154,0.080770453,0.00248109,0.005411957,0.000703589,0.028354478,0.00251617,0.001071794,0.001399903,0.188402179,0.001934376,0.00116426,0.000638073,0.000936097,0.009254606,0.082919667,0.001656171,0.000617778,0.000920093,0.004235966,0.000283229,0.000701079,0.038977874,0.059540493,0.002185994,0.001057867,0.030937489,0.001272984,0.004765463,0.047833992,0.032082027,0.007737101,0.003657601,0.010630777,0.00093369,0.006582131,0.012958322,0.000726357,0.00235535,0.076576962,0.000882608,0.000230738,0.00361831,0.056544771,0.001801074,0.000861304,0.007826231,0.001801286,0.001776507,0.003954212,0.000577886,0.000715896,0.005552367,0.00026819,0.001156967,0.001347607,0.001125073,0.001216967,0.00155221,0.000617123,0.000502165,0.000943033,0.002327668,0.00555044,0.005281088,0.000812067,0.003066583,0.009434933,0.000407459,0.016531698,0.000334191,0.00095816,0.000725104,0.008982221,0.002446802,0.00042428,0.000750228,0.001818322,0.000560519,0.000510092,0.000599757,0.00048213,0.000523627,0.000418197,0.000339918,0.00023071,0.000298809,0.000641795,0.002038282,0.003181044,0.002370998,0.030981713
OGB1,S079,0.027542329,0.012604632,0.05254709,0.056336857,0.016115599,0.034065724,0.011920709,0.137986656,0.013823344,0.006408218,0.508912266,0.023142728,0.004038122,0.06532681,0.102258446,0.096051709,0.199259163,0.023291864,0.28612514,0.195480394,0.124059803,0.005713825,0.003157217,0.028466563,0.055555707,0.016749295,0.277885897,0.062649825,0.003371041,0.00027043,8.08E-05,0.114563091,0.000148828,0.000188106,0.096494333,0.027716687,0.05568096,0.000284149,0.437752407,0.067438908,0.0246338,0.057513089,0.239356431,0.080588367,0.017099536,1.154658406,0.001665845,0.000350254,0.086818164,0.000503381,0.000336402,0.012063887,0.03898844,0.544986239,0.000678843,0.130974835,0.143308991,0.001086541,0.000483077,0.000488584,0.000145047,0.001274586,0.001159169,0.001137984,0.001178158,0.001987566,0.072377508,0.023745252,0.234920625,0.068061168,0.152760024,0.308389915,0.05615596,0.005302109,0.767730566,0.051959204,0.154596581,0.009515708,0.004203964,1.009731968,0.008967398,0.003421366,0.239163213,0.016723767,0.009028997,0.000145533,0.155894186,0.000217179,0.026083501,0.020899659,0.693266277,0.000187772,0.000170998,0.000365731,0.000598537,0.009881671,0.366296859,0.000203368,0.000348332,0.000536468,0.010128128,0.000211651,0.00020898,0.049081802,0.332505267,0.00087672,0.00050473,0.163967138,0.001338011,0.026121039,0.179173777,0.095897784,0.002127216,0.000853103,0.072464344,0.001031281,0.000338231,0.03494111,0.000196705,0.036677822,0.360240808,0.00020987,0.000124961,0.000206225,0.238715855,0.003376292,0.000128654,0.000895832,0.034326463,0.000290875,0.000297531,0.000491002,0.000389995,0.000448134,0.000521769,0.000627319,0.000732305,0.001289125,0.001188357,0.000763421,0.018803494,0.000140505,0.008717545,0.001223514,0.000506797,0.037205115,0.000815301,0.001104054,0.000471237,0.004041686,0.001135795,0.000853486,0.000175026,0.058305927,0.000605461,0.000549865,0.000742667,0.000859752,0.000600801,0.000863783,0.000939661,0.00024799,0.000646984,0.000805196,0.000525164,0.000423636,0.000792738,0.000644501,0.000967555,0.001426249,0.001652221,0.001620683,0.00356074
OGB2,S078,0.022285799,0.007418871,0.025397733,0.03301829,0.002909671,0.014187777,0.004500229,0.0490514,0.006540389,0.005360082,0.111950824,0.00057346,0.002205807,0.013906301,0.024140182,0.025079387,0.050383717,0.009788383,0.043982363,0.036064384,0.018172223,0.001566066,0.001598388,0.004844408,0.010648868,0.005680671,0.046530309,0.013797607,0.002040807,0.000157653,7.07E-05,0.000372696,6.51E-05,8.22E-05,0.02407845,0.001451629,0.009149342,0.000523845,0.000692129,0.007197915,0.004541387,0.001156678,0.068708963,0.036767183,0.005864932,0.352486649,0.003661678,0.001452859,0.000797084,0.001082681,0.001395399,0.000427702,0.000975713,0.126792045,0.001095051,0.026683066,0.02896209,0.000572315,0.00059372,0.000750611,0.000802207,0.000503523,0.000534249,0.000599412,0.001086002,0.002015308,0.00490313,0.002198699,0.038345841,0.000877958,0.033539041,0.051502942,0.00297904,0.000281274,0.151531976,0.017058504,0.027858234,0.001487839,0.000951543,0.19303173,0.000158572,0.000792006,0.057830249,0.003413981,0.000212881,0.000123527,0.021663252,0.00018434,0.000148587,0.000170571,0.110671901,0.000159379,0.000145141,0.000155215,0.002201474,0.001107779,0.062011022,0.000172617,0.000886983,0.000227675,0.000171933,0.000179647,0.000532142,0.002251133,0.041231138,0.000530398,0.000427492,0.019327018,0.000339977,0.000505687,0.018600343,0.016835259,0.00050047,0.000321135,0.011694369,0.00032755,0.000190982,0.00036536,0.000111069,0.000675328,0.053099245,0.000177754,5.29E-05,0.00023289,0.033918267,0.00046552,5.45E-05,0.000689768,0.000356731,0.000431135,0.000189,0.000178228,0.000264252,0.000379557,0.000441923,0.000398491,0.000789399,0.000624782,0.000388763,0.000266398,0.000797408,0.000612869,0.0001521,0.000800528,0.002505348,0.003936438,0.00053344,0.000601972,0.003083234,0.000402959,0.009979239,0.000744565,0.000305378,0.001290444,0.00588558,0.000575631,0.000323944,0.000500021,0.000524128,0.000820114,0.000426029,0.000310734,0.00038003,0.00035785,0.000268087,0.000184991,0.000110658,0.000224357,0.000760599,0.00171496,0.000993337,0.000852579,0.038182115
OGB3,S073,0.023372795,0.00831917,0.038402993,0.048620911,0.010425033,0.021058163,0.008304588,0.08347907,0.009482205,0.005400127,0.225062007,0.009996542,0.011711768,0.02425058,0.039884318,0.041326643,0.082427784,0.010872658,0.11353571,0.081012035,0.050054202,0.000254883,0.003439122,0.009737288,0.024555643,0.006868562,0.11387898,0.026535282,0.00215126,0.001209891,0.00040537,0.000600706,0.00141166,0.001014046,0.057183722,0.010308379,0.024991519,0.004581753,0.22304142,0.022717745,0.002216046,0.018307774,0.124883002,0.047435184,0.00507378,0.540764142,0.003790448,0.000360681,0.024359732,0.005484237,0.000685255,0.00142807,0.001050385,0.250686962,0.002398646,0.068737347,0.063003001,0.00031614,0.002786304,0.005850968,0.000590642,0.000355283,0.000191615,0.000163929,0.011279541,0.000590302,0.002361311,0.018231672,0.100932485,0.034872243,0.074626283,0.099358188,0.000310105,0.00033292,0.31456096,0.047893966,0.071669966,0.000254951,0.002026991,0.478001252,0.003675483,0.00039209,0.100238786,0.000212184,0.00051426,0.000300857,0.026012502,0.000215185,0.003849744,0.005986032,0.238031579,0.00018381,0.000331894,0.001455158,0.005603897,0.004969634,0.107972759,0.000202338,0.000176109,0.00052458,0.002415085,0.00024222,0.000199856,0.004433166,0.069794747,0.000374927,0.000259197,0.040816791,0.001501041,0.001059514,0.05309977,0.034989423,0.000552922,0.000294059,0.015258284,0.003069351,0.000940768,0.003740877,0.000207633,0.009923691,0.093073652,0.000540638,0.000197873,0.000144323,0.062844114,0.000650332,0.000268591,0.001026465,0.000210644,0.000362731,0.000376777,0.000212389,0.000613928,0.000190461,0.00022999,0.00068689,0.000321017,0.000560798,0.000454952,0.000601771,0.000672892,0.001022085,0.000639802,0.000624743,0.000518745,0.005329283,0.000303584,0.000422363,0.000968241,0.00023695,0.010922052,0.00043727,0.000185733,0.000632505,0.011153565,0.000853733,0.000462621,0.000280466,0.000198264,0.000326069,0.000472484,0.000506483,0.000785785,0.000291891,0.000665144,0.000178175,0.000276824,0.000459058,0.000688418,0.001625498,0.00138059,0.000540238,0.026839027
